{"stats":{"minecraft:crafted":{"minecraft:oak_planks":64,"sophisticatedbackpacks:crafting_upgrade":1,"minecraft:bookshelf":25,"minecraft:cooked_mutton":20,"minecraft:iron_boots":1,"minecraft:chest":2,"minecraft:oak_slab":6,"sophisticatedbackpacks:backpack":1,"minecraft:emerald":70,"minecraft:cooked_porkchop":5,"minecraft:crafting_table":8,"minecraft:acacia_slab":24,"minecraft:iron_helmet":1,"minecraft:wooden_pickaxe":2,"minecraft:baked_potato":18,"minecraft:fletching_table":1,"sophisticatedbackpacks:upgrade_base":3,"minecraft:lectern":2,"minecraft:iron_chestplate":1,"minecraft:diamond_pickaxe":1,"minecraft:shield":1,"sophisticatedbackpacks:diamond_backpack":1,"minecraft:stick":1960,"minecraft:iron_ingot":248,"minecraft:iron_pickaxe":1,"minecraft:iron_block":3,"minecraft:stone_sword":1,"minecraft:gold_ingot":123,"sophisticatedbackpacks:blasting_upgrade":1,"minecraft:golden_carrot":77,"comforts:sleeping_bag_red":1,"minecraft:spyglass":1,"minecraft:furnace":3,"minecraft:bone_meal":84,"minecraft:iron_axe":2,"minecraft:stone_pickaxe":2,"minecraft:wheat":63,"sophisticatedbackpacks:iron_backpack":1,"minecraft:cooked_beef":10,"paraglider:paraglider":1,"minecraft:diamond_sword":1,"minecraft:enchanting_table":1,"minecraft:iron_sword":1,"sophisticatedbackpacks:gold_backpack":1,"minecraft:bucket":1,"minecraft:enchanted_book":5,"minecraft:bread":21,"minecraft:air":0,"minecraft:jungle_planks":408,"minecraft:oak_boat":1,"minecraft:gold_nugget":617,"minecraft:wooden_axe":2,"minecraft:iron_leggings":1,"minecraft:iron_shovel":1,"sophisticatedbackpacks:smoking_upgrade":1,"minecraft:anvil":1,"minecraft:acacia_planks":984,"minecraft:torch":72},"minecraft:killed_by":{"alexsmobs:komodo_dragon":2,"minecraft:husk":2,"minecraft:spider":1,"minecraft:skeleton":2},"minecraft:custom":{"minecraft:interact_with_crafting_table":77,"minecraft:open_barrel":69,"minecraft:bell_ring":54,"minecraft:eat_cake_slice":15,"minecraft:leave_game":17,"minecraft:time_since_death":271027,"minecraft:sprint_one_cm":1643706,"minecraft:damage_blocked_by_shield":1375,"minecraft:drop":92,"minecraft:talked_to_villager":180,"minecraft:play_time":548240,"minecraft:deaths":8,"minecraft:jump":13140,"minecraft:walk_on_water_one_cm":68261,"minecraft:enchant_item":2,"minecraft:interact_with_furnace":31,"minecraft:traded_with_villager":66,"minecraft:interact_with_loom":1,"minecraft:sleep_in_bed":22,"tombstone:sneak_grave":1,"minecraft:damage_dealt":48775,"minecraft:crouch_one_cm":53368,"tombstone:undead_killed":138,"tombstone:villager_killed":1,"minecraft:interact_with_smoker":21,"minecraft:interact_with_smithing_table":2,"minecraft:mob_kills":251,"minecraft:interact_with_anvil":3,"minecraft:climb_one_cm":5267,"minecraft:walk_one_cm":684050,"minecraft:damage_dealt_absorbed":105,"minecraft:sneak_time":22767,"minecraft:walk_under_water_one_cm":29461,"minecraft:interact_with_blast_furnace":97,"minecraft:total_world_time":548240,"minecraft:tune_noteblock":26,"minecraft:time_since_rest":3775,"minecraft:damage_taken":7819,"minecraft:trigger_trapped_chest":2,"tombstone:cast_on_ally":0,"minecraft:swim_one_cm":123333,"minecraft:fly_one_cm":3332411,"minecraft:open_chest":69,"minecraft:fall_one_cm":407582},"minecraft:dropped":{"minecraft:clay":5,"minecraft:large_amethyst_bud":1,"minecraft:glow_ink_sac":8,"minecraft:glass_bottle":1,"alexsmobs:kangaroo_meat":2,"minecraft:pitcher_pod":3,"minecraft:leather":2,"minecraft:dirt":28,"minecraft:jungle_sapling":4,"minecraft:white_wool":3,"minecraft:mangrove_slab":1,"minecraft:gravel":3,"minecraft:blackstone":18,"minecraft:sugar_cane":9,"minecraft:iron_nugget":3,"minecraft:cobbled_deepslate":2,"minecraft:wheat":8,"minecraft:rotten_flesh":35,"minecraft:oak_planks":2,"minecraft:golden_shovel":1,"minecraft:gunpowder":28,"minecraft:melon_seeds":5,"minecraft:azalea":1,"minecraft:acacia_sapling":15,"minecraft:spruce_slab":2,"minecraft:red_nether_bricks":1,"minecraft:arrow":5,"minecraft:acacia_fence":2,"minecraft:egg":1,"minecraft:oak_slab":2,"minecraft:wheat_seeds":29,"minecraft:feather":3,"minecraft:cobblestone":67,"tombstone:grave_dust":4,"minecraft:iron_leggings":1,"minecraft:trapped_chest":1,"minecraft:smooth_basalt":1,"alexsmobs:maggot":2,"alexsmobs:acacia_blossom":11,"minecraft:coarse_dirt":1,"minecraft:raw_copper":9,"minecraft:cocoa_beans":3,"minecraft:iron_boots":1,"minecraft:acacia_leaves":4,"minecraft:pumpkin_seeds":6,"minecraft:diamond_sword":1,"minecraft:bundle":1,"minecraft:andesite":3,"minecraft:oak_sapling":6,"minecraft:spider_eye":3,"minecraft:stone_pickaxe":1},"minecraft:killed":{"minecraft:spider":29,"minecraft:skeleton":49,"alexsmobs:leafcutter_ant":1,"alexsmobs:kangaroo":1,"minecraft:pig":5,"minecraft:zombie_villager":1,"alexsmobs:seal":1,"minecraft:creeper":27,"minecraft:sheep":14,"minecraft:trader_llama":2,"minecraft:zombie":75,"alexsmobs:maned_wolf":1,"alexsmobs:fly":1,"alexsmobs:komodo_dragon":1,"minecraft:cow":9,"alexsmobs:seagull":5,"minecraft:drowned":1,"minecraft:husk":12,"minecraft:wandering_trader":1,"alexsmobs:cockroach":2,"alexsmobs:elephant":2,"alexsmobs:gazelle":1,"minecraft:enderman":6},"minecraft:used":{"alexsmobs:emu_egg":3,"minecraft:moss_block":2,"minecraft:moss_carpet":1,"minecraft:iron_shovel":46,"minecraft:shield":43,"minecraft:iron_sword":260,"minecraft:rotten_flesh":19,"minecraft:carrot":36,"minecraft:acacia_sapling":15,"minecraft:tuff":23,"minecraft:obsidian":1,"minecraft:lantern":2,"minecraft:stone_bricks":3,"minecraft:red_carpet":2,"minecraft:bow":17,"minecraft:oak_sapling":8,"minecraft:furnace":4,"minecraft:egg":3,"minecraft:damaged_anvil":1,"minecraft:oak_planks":22,"minecraft:stone_pickaxe":78,"minecraft:blackstone":3,"minecraft:wooden_pickaxe":34,"minecraft:white_wool":1,"minecraft:sand":1,"minecraft:blast_furnace":14,"minecraft:melon_slice":33,"minecraft:bread":51,"minecraft:lectern":106,"minecraft:gravel":7,"minecraft:golden_helmet":1,"minecraft:diamond_sword":645,"minecraft:oak_boat":1,"minecraft:coarse_dirt":1,"minecraft:bone_meal":76,"minecraft:oak_trapdoor":12,"minecraft:enchanting_table":1,"minecraft:stone_sword":74,"comforts:sleeping_bag_red":9,"minecraft:orange_bed":4,"minecraft:torch":161,"minecraft:dirt":48,"minecraft:spyglass":7,"minecraft:anvil":1,"minecraft:white_carpet":1,"minecraft:granite":1,"minecraft:wooden_axe":106,"minecraft:bookshelf":29,"minecraft:iron_axe":609,"minecraft:acacia_slab":59,"minecraft:golden_carrot":25,"minecraft:beef":3,"tombstone:gift":8,"alexsmobs:banana":1,"minecraft:cooked_beef":8,"minecraft:cobbled_deepslate":124,"minecraft:acacia_planks":200,"minecraft:orange_terracotta":2,"minecraft:calcite":5,"minecraft:cooked_mutton":13,"minecraft:water_bucket":76,"minecraft:baked_potato":17,"minecraft:fletching_table":10,"minecraft:crafting_table":15,"minecraft:red_bed":3,"minecraft:cake":2,"minecraft:smoker":5,"tombstone:bag_of_seeds":3,"minecraft:diamond_pickaxe":624,"minecraft:apple":15,"minecraft:iron_pickaxe":309,"minecraft:cobblestone":206,"minecraft:potion":3,"minecraft:cooked_porkchop":3,"minecraft:bucket":77,"minecraft:pumpkin_pie":7,"alexsmobs:animal_dictionary":1},"minecraft:picked_up":{"minecraft:wheat":4,"minecraft:anvil":1,"minecraft:lead":5,"minecraft:diamond_sword":1,"minecraft:potion":2,"minecraft:brewing_stand":1,"minecraft:amethyst_block":2,"alexsmobs:gazelle_horn":1,"minecraft:string":25,"minecraft:raw_copper":17,"minecraft:red_nether_bricks":1,"alexsmobs:banana":1,"minecraft:gold_nugget":4,"minecraft:cobbled_deepslate":92,"minecraft:calcite":6,"minecraft:azalea":1,"minecraft:melon_slice":34,"minecraft:furnace":3,"minecraft:iron_boots":1,"minecraft:stick":40,"minecraft:acacia_fence":3,"minecraft:torch":117,"minecraft:acacia_log":246,"minecraft:porkchop":6,"tombstone:grave_dust":9,"minecraft:cauldron":2,"minecraft:orange_bed":4,"minecraft:rotten_flesh":62,"alexsmobs:emu_egg":3,"minecraft:obsidian":9,"minecraft:cobblestone":234,"minecraft:magma_block":2,"minecraft:feather":3,"minecraft:andesite":3,"minecraft:jungle_log":102,"minecraft:acacia_leaves":4,"minecraft:smoker":7,"minecraft:potato":1,"paraglider:spirit_orb":6,"minecraft:flint":3,"minecraft:tuff":23,"minecraft:mangrove_slab":1,"minecraft:lapis_lazuli":123,"minecraft:dirt":91,"minecraft:lantern":2,"minecraft:bone":58,"minecraft:acacia_planks":32,"minecraft:bow":2,"minecraft:wheat_seeds":36,"minecraft:raw_gold":71,"minecraft:fletching_table":9,"minecraft:moss_block":2,"minecraft:oak_planks":2,"minecraft:sand":1,"minecraft:trapped_chest":1,"minecraft:bundle":2,"alexsmobs:kangaroo_hide":2,"minecraft:diamond":61,"minecraft:granite":2,"minecraft:bread":1,"alexsmobs:maggot":2,"minecraft:plenty_pottery_sherd":1,"minecraft:oak_sapling":26,"minecraft:crafting_table":9,"minecraft:coarse_dirt":2,"minecraft:brick":3,"minecraft:oak_trapdoor":4,"minecraft:red_bed":4,"minecraft:moss_carpet":1,"minecraft:item_frame":1,"minecraft:white_carpet":1,"minecraft:blackstone":40,"minecraft:cartography_table":2,"minecraft:beef":18,"minecraft:oak_boat":1,"minecraft:jungle_sapling":4,"minecraft:spruce_slab":2,"minecraft:lectern":104,"minecraft:sugar_cane":15,"minecraft:egg":4,"minecraft:raw_iron":271,"sophisticatedbackpacks:backpack":1,"minecraft:trident":1,"minecraft:carrot":119,"minecraft:redstone":66,"minecraft:tnt":2,"minecraft:arrow":39,"minecraft:hay_block":7,"comforts:sleeping_bag_red":9,"minecraft:gold_ingot":3,"minecraft:mutton":23,"alexsmobs:kangaroo_meat":2,"minecraft:white_wool":15,"minecraft:golden_carrot":1,"minecraft:glow_ink_sac":8,"alexsmobs:acacia_blossom":11,"minecraft:leather":11,"minecraft:packed_mud":1,"minecraft:oak_log":60,"minecraft:gunpowder":34,"minecraft:orange_terracotta":2,"minecraft:red_carpet":2,"minecraft:apple":7,"minecraft:stone_bricks":3,"minecraft:iron_ingot":73,"tombstone:bag_of_seeds":2,"minecraft:glass_bottle":1,"minecraft:acacia_sapling":31,"minecraft:book":30,"minecraft:smooth_basalt":1,"minecraft:red_wool":3,"minecraft:gravel":34,"minecraft:amethyst_shard":8,"minecraft:blast_furnace":19,"minecraft:spider_eye":4,"minecraft:damaged_anvil":1,"tombstone:magic_scroll":1,"minecraft:acacia_slab":25,"minecraft:melon_seeds":5,"minecraft:coal":735,"minecraft:ender_pearl":1},"minecraft:broken":{"minecraft:iron_sword":1,"minecraft:wooden_axe":1,"minecraft:iron_axe":1,"minecraft:iron_pickaxe":1},"minecraft:mined":{"minecraft:large_amethyst_bud":1,"minecraft:farmland":1,"minecraft:red_nether_bricks":1,"minecraft:brewing_stand":1,"minecraft:obsidian":10,"minecraft:granite":2,"minecraft:acacia_log":253,"minecraft:grass_block":25,"minecraft:jungle_log":109,"minecraft:spawner":3,"minecraft:magma_block":3,"minecraft:iron_ore":79,"minecraft:cobbled_deepslate":33,"minecraft:fire":68,"minecraft:fletching_table":9,"minecraft:deepslate_lapis_ore":10,"minecraft:anvil":1,"minecraft:water_cauldron":2,"minecraft:azalea":1,"minecraft:spruce_slab":1,"minecraft:orange_bed":4,"minecraft:deepslate_redstone_ore":12,"minecraft:red_bed":4,"minecraft:blackstone":40,"minecraft:smoker":7,"minecraft:amethyst_cluster":2,"minecraft:orange_terracotta":2,"minecraft:torch":21,"minecraft:blast_furnace":19,"minecraft:calcite":6,"minecraft:melon":7,"minecraft:white_stained_glass_pane":2,"minecraft:cobblestone":33,"minecraft:sugar_cane":5,"minecraft:oak_planks":2,"minecraft:damaged_anvil":1,"minecraft:wall_torch":24,"minecraft:amethyst_block":2,"minecraft:light_gray_stained_glass":1,"minecraft:wheat":2,"minecraft:tnt":2,"minecraft:grass":98,"minecraft:oak_log":61,"minecraft:acacia_fence":3,"minecraft:sand":1,"minecraft:dirt":27,"minecraft:smooth_basalt":1,"minecraft:oak_leaves":12,"minecraft:deepslate":46,"minecraft:red_carpet":4,"minecraft:tuff":24,"minecraft:dark_oak_leaves":1,"minecraft:deepslate_diamond_ore":39,"minecraft:decorated_pot":1,"minecraft:white_stained_glass":1,"minecraft:acacia_slab":25,"minecraft:cartography_table":2,"minecraft:moss_block":2,"minecraft:hay_block":7,"minecraft:oak_trapdoor":4,"minecraft:furnace":3,"minecraft:packed_mud":1,"minecraft:carrots":34,"minecraft:andesite":3,"minecraft:bookshelf":10,"minecraft:deepslate_iron_ore":110,"minecraft:vine":1,"minecraft:bamboo":1,"minecraft:stone":199,"minecraft:white_wool":1,"minecraft:podzol":1,"minecraft:acacia_leaves":3,"minecraft:glass_pane":1,"minecraft:red_wool":3,"minecraft:comparator":1,"minecraft:crafting_table":9,"minecraft:lectern":104,"minecraft:tall_grass":28,"minecraft:copper_ore":3,"minecraft:deepslate_coal_ore":12,"minecraft:lapis_ore":1,"minecraft:deepslate_gold_ore":37,"minecraft:coarse_dirt":15,"minecraft:trapped_chest":1,"minecraft:white_carpet":1,"minecraft:mangrove_slab":1,"minecraft:coal_ore":250,"minecraft:gravel":27,"minecraft:cracked_stone_bricks":1,"minecraft:acacia_planks":46,"minecraft:stone_bricks":3,"minecraft:gold_ore":3,"minecraft:fern":3}},"DataVersion":3465}