{"stats":{"minecraft:picked_up":{"minecraft:crafting_table":3,"minecraft:coarse_dirt":1,"minecraft:leather":4,"alexsmobs:acacia_blossom":1,"minecraft:oak_log":47,"minecraft:gunpowder":3,"alexsmobs:gazelle_horn":1,"minecraft:dirt":25,"minecraft:string":2,"minecraft:bone":5,"minecraft:apple":7,"minecraft:bow":1,"minecraft:wheat_seeds":2,"minecraft:beef":8,"minecraft:moss_block":1,"minecraft:sugar_cane":6,"minecraft:acacia_sapling":1,"minecraft:egg":2,"minecraft:furnace":2,"minecraft:stick":10,"minecraft:raw_iron":3,"minecraft:torch":4,"minecraft:acacia_log":12,"tombstone:grave_dust":1,"minecraft:spider_eye":1,"minecraft:arrow":4,"minecraft:rotten_flesh":9,"minecraft:oak_sapling":18,"minecraft:mutton":9,"minecraft:coal":19,"minecraft:white_wool":5,"minecraft:cobblestone":30},"minecraft:used":{"minecraft:moss_block":1,"minecraft:cooked_mutton":5,"minecraft:stone_sword":74,"minecraft:stone_pickaxe":22,"minecraft:wooden_pickaxe":34,"minecraft:rotten_flesh":1,"minecraft:torch":5,"minecraft:dirt":6,"minecraft:crafting_table":4,"minecraft:wooden_axe":62,"minecraft:apple":7,"minecraft:golden_helmet":1,"minecraft:furnace":2,"minecraft:oak_sapling":8,"tombstone:gift":4,"alexsmobs:animal_dictionary":1,"minecraft:coarse_dirt":1},"minecraft:mined":{"minecraft:acacia_leaves":2,"minecraft:crafting_table":3,"minecraft:torch":3,"minecraft:acacia_log":12,"minecraft:grass_block":3,"minecraft:tall_grass":3,"minecraft:deepslate_coal_ore":5,"minecraft:sugar_cane":2,"minecraft:moss_block":1,"minecraft:wall_torch":1,"minecraft:coarse_dirt":1,"minecraft:furnace":2,"minecraft:iron_ore":2,"minecraft:grass":10,"minecraft:oak_log":48,"minecraft:coal_ore":11,"minecraft:deepslate_iron_ore":1,"minecraft:dirt":3,"minecraft:stone":30,"minecraft:oak_leaves":4,"minecraft:fern":1},"minecraft:custom":{"minecraft:interact_with_furnace":10,"minecraft:mob_kills":22,"minecraft:interact_with_crafting_table":7,"minecraft:leave_game":3,"minecraft:time_since_death":1448,"minecraft:climb_one_cm":1737,"minecraft:time_since_rest":1,"minecraft:sprint_one_cm":139124,"minecraft:damage_taken":1328,"minecraft:walk_one_cm":44466,"tombstone:sneak_grave":1,"minecraft:drop":1,"minecraft:damage_dealt":3448,"minecraft:fly_one_cm":327513,"minecraft:open_chest":1,"minecraft:crouch_one_cm":736,"minecraft:play_time":43982,"tombstone:undead_killed":9,"minecraft:deaths":4,"minecraft:sneak_time":379,"minecraft:jump":1224,"minecraft:total_world_time":43982,"minecraft:fall_one_cm":38214},"minecraft:dropped":{"alexsmobs:acacia_blossom":1},"minecraft:crafted":{"minecraft:oak_planks":16,"minecraft:crafting_table":2,"minecraft:wooden_pickaxe":2,"minecraft:furnace":1,"minecraft:cooked_mutton":9,"minecraft:air":0,"minecraft:stick":12,"minecraft:stone_pickaxe":2,"minecraft:wooden_axe":2,"minecraft:stone_sword":1,"minecraft:acacia_planks":20,"minecraft:torch":4},"minecraft:killed":{"minecraft:spider":2,"minecraft:skeleton":4,"minecraft:sheep":5,"minecraft:zombie":5,"alexsmobs:leafcutter_ant":1,"alexsmobs:gazelle":1,"minecraft:cow":4},"minecraft:killed_by":{"minecraft:skeleton":1,"minecraft:spider":1,"alexsmobs:komodo_dragon":2}},"DataVersion":3465}